{
  "project_info": {
    "project_number": "165027231374",
    "firebase_url": "https://ereportcard767-1f7ba-default-rtdb.firebaseio.com",
    "project_id": "ereportcard767-1f7ba",
    "storage_bucket": "ereportcard767-1f7ba.appspot.com"
  },
  "client": [
    {
      "client_info": {
        "mobilesdk_app_id": "1:165027231374:android:1a985aa8d2b94b6e463bdf",
        "android_client_info": {
          "package_name": "com.erc.ereportcard767"
        }
      },
      "oauth_client": [
        {
          "client_id": "165027231374-h3st40p6hbbpm7lip1bf4fg4pqd33d6k.apps.googleusercontent.com",
          "client_type": 1,
          "android_info": {
            "package_name": "com.erc.ereportcard767",
            "certificate_hash": "1995bed4652b4444081bad4ad8b288e92f63d930"
          }
        },
        {
          "client_id": "165027231374-pscfhjk5nc06gq2it232a2ct4rvgk037.apps.googleusercontent.com",
          "client_type": 3
        }
      ],
      "api_key": [
        {
          "current_key": "AIzaSyDhgJyONINfPzHAn71tabpdQSfo38cVyMA"
        }
      ],
      "services": {
        "appinvite_service": {
          "other_platform_oauth_client": [
            {
              "client_id": "165027231374-pscfhjk5nc06gq2it232a2ct4rvgk037.apps.googleusercontent.com",
              "client_type": 3
            }
          ]
        }
      }
    },
    {
      "client_info": {
        "mobilesdk_app_id": "1:165027231374:android:b13b7ac0d4b7a242463bdf",
        "android_client_info": {
          "package_name": "com.example.ereportcard"
        }
      },
      "oauth_client": [
        {
          "client_id": "165027231374-pscfhjk5nc06gq2it232a2ct4rvgk037.apps.googleusercontent.com",
          "client_type": 3
        }
      ],
      "api_key": [
        {
          "current_key": "AIzaSyDhgJyONINfPzHAn71tabpdQSfo38cVyMA"
        }
      ],
      "services": {
        "appinvite_service": {
          "other_platform_oauth_client": [
            {
              "client_id": "165027231374-pscfhjk5nc06gq2it232a2ct4rvgk037.apps.googleusercontent.com",
              "client_type": 3
            }
          ]
        }
      }
    }
  ],
  "configuration_version": "1"
}